<?xml version="1.0" encoding="UTF-8" ?>
<module>
    <name>ezmultistore</name>
    <displayName><![CDATA[ EZ MultiStore : Gestionnaire de magasin]]></displayName>
    <version><![CDATA[1.0.0]]></version>
    <description><![CDATA[Ce module vous permet d&#039;avoir diff&eacute;rentes factures pour chacun de vos magasins.]]></description>
    <author><![CDATA[webolive Studio]]></author>
    <tab><![CDATA[shipping_logistics]]></tab>
	<confirmUninstall><![CDATA[Voulez-vous vraiment désintaller ?]]></confirmUninstall>
    <is_configurable>1</is_configurable>
    <need_instance>0</need_instance>
	<limited_countries></limited_countries>
</module>